borough,dev_name,source,map_file,table_file,arts_count
BRONX,1162-1176 WASHINGTON AVENUE,NYCHA,NYCHA_1162-1176_WASHINGTON_AVENUE_map.html,NYCHA_1162-1176_WASHINGTON_AVENUE_table.html,2
BRONX,1471 WATSON AVENUE,NYCHA,NYCHA_1471_WATSON_AVENUE_map.html,,0
MANHATTAN,154 WEST 84TH STREET,NYCHA,NYCHA_154_WEST_84TH_STREET_map.html,NYCHA_154_WEST_84TH_STREET_table.html,24
BROOKLYN,303 VERNON AVENUE,NYCHA,NYCHA_303_VERNON_AVENUE_map.html,NYCHA_303_VERNON_AVENUE_table.html,1
MANHATTAN,45 ALLEN STREET,NYCHA,NYCHA_45_ALLEN_STREET_map.html,NYCHA_45_ALLEN_STREET_table.html,42
MANHATTAN,830 AMSTERDAM AVENUE,NYCHA,NYCHA_830_AMSTERDAM_AVENUE_map.html,NYCHA_830_AMSTERDAM_AVENUE_table.html,34
BRONX,ADAMS,NYCHA,NYCHA_ADAMS_map.html,NYCHA_ADAMS_table.html,1
BROOKLYN,ALBANY,NYCHA,NYCHA_ALBANY_map.html,NYCHA_ALBANY_table.html,5
BROOKLYN,ALBANY II,NYCHA,NYCHA_ALBANY_II_map.html,NYCHA_ALBANY_II_table.html,3
MANHATTAN,AMSTERDAM,NYCHA,NYCHA_AMSTERDAM_map.html,NYCHA_AMSTERDAM_table.html,43
MANHATTAN,AMSTERDAM ADDITION,NYCHA,NYCHA_AMSTERDAM_ADDITION_map.html,NYCHA_AMSTERDAM_ADDITION_table.html,34
QUEENS,ASTORIA,NYCHA,NYCHA_ASTORIA_map.html,,0
BROOKLYN,ATLANTIC TERMINAL SITE 4B,NYCHA,NYCHA_ATLANTIC_TERMINAL_SITE_4B_map.html,NYCHA_ATLANTIC_TERMINAL_SITE_4B_table.html,48
QUEENS,BAISLEY PARK,NYCHA,NYCHA_BAISLEY_PARK_map.html,,0
MANHATTAN,BARUCH,NYCHA,NYCHA_BARUCH_map.html,NYCHA_BARUCH_table.html,12
MANHATTAN,BARUCH HOUSES ADDITION,NYCHA,NYCHA_BARUCH_HOUSES_ADDITION_map.html,NYCHA_BARUCH_HOUSES_ADDITION_table.html,16
QUEENS,BEACH 41ST STREET-BEACH CHANNEL DRIVE,NYCHA,NYCHA_BEACH_41ST_STREET-BEACH_CHANNEL_DRIVE_map.html,,0
STATEN ISLAND,BERRY,NYCHA,NYCHA_BERRY_map.html,,0
QUEENS,BLAND,NYCHA,NYCHA_BLAND_map.html,NYCHA_BLAND_table.html,2
BROOKLYN,BORINQUEN PLAZA I,NYCHA,NYCHA_BORINQUEN_PLAZA_I_map.html,NYCHA_BORINQUEN_PLAZA_I_table.html,2
BROOKLYN,BORINQUEN PLAZA II,NYCHA,NYCHA_BORINQUEN_PLAZA_II_map.html,NYCHA_BORINQUEN_PLAZA_II_table.html,7
BRONX,BOYNTON AVENUE REHAB,NYCHA,NYCHA_BOYNTON_AVENUE_REHAB_map.html,,0
MANHATTAN,BRACETTI PLAZA,NYCHA,NYCHA_BRACETTI_PLAZA_map.html,NYCHA_BRACETTI_PLAZA_table.html,39
BROOKLYN,BREUKELEN,NYCHA,NYCHA_BREUKELEN_map.html,,0
BROOKLYN,BREVOORT,NYCHA,NYCHA_BREVOORT_map.html,NYCHA_BREVOORT_table.html,4
BRONX,BRONX RIVER,NYCHA,NYCHA_BRONX_RIVER_map.html,,0
BRONX,BRONX RIVER ADDITION,NYCHA,NYCHA_BRONX_RIVER_ADDITION_map.html,,0
BROOKLYN,BROWN,NYCHA,NYCHA_BROWN_map.html,,0
BROOKLYN,BROWNSVILLE,NYCHA,NYCHA_BROWNSVILLE_map.html,NYCHA_BROWNSVILLE_table.html,2
BRONX,BRYANT AVENUE-EAST 174TH STREET,NYCHA,NYCHA_BRYANT_AVENUE-EAST_174TH_STREET_map.html,,0
BROOKLYN,BUSHWICK,NYCHA,NYCHA_BUSHWICK_map.html,NYCHA_BUSHWICK_table.html,7
BRONX,BUTLER,NYCHA,NYCHA_BUTLER_map.html,,0
BROOKLYN,CAREY GARDENS,NYCHA,NYCHA_CAREY_GARDENS_map.html,NYCHA_CAREY_GARDENS_table.html,1
QUEENS,CARLETON MANOR,NYCHA,NYCHA_CARLETON_MANOR_map.html,,0
MANHATTAN,CARVER,NYCHA,NYCHA_CARVER_map.html,NYCHA_CARVER_table.html,19
STATEN ISLAND,CASSIDY-LAFAYETTE,NYCHA,NYCHA_CASSIDY-LAFAYETTE_map.html,NYCHA_CASSIDY-LAFAYETTE_table.html,3
BRONX,CASTLE HILL,NYCHA,NYCHA_CASTLE_HILL_map.html,NYCHA_CASTLE_HILL_table.html,1
MANHATTAN,CHELSEA,NYCHA,NYCHA_CHELSEA_map.html,NYCHA_CHELSEA_table.html,60
MANHATTAN,CHELSEA ADDITION,NYCHA,NYCHA_CHELSEA_ADDITION_map.html,NYCHA_CHELSEA_ADDITION_table.html,54
BRONX,CLAREMONT REHAB (GROUP 2),NYCHA,NYCHA_CLAREMONT_REHAB_(GROUP_2)_map.html,NYCHA_CLAREMONT_REHAB_(GROUP_2)_table.html,2
BRONX,CLAREMONT REHAB (GROUP 3),NYCHA,NYCHA_CLAREMONT_REHAB_(GROUP_3)_map.html,NYCHA_CLAREMONT_REHAB_(GROUP_3)_table.html,3
BRONX,CLAREMONT REHAB (GROUP 4),NYCHA,NYCHA_CLAREMONT_REHAB_(GROUP_4)_map.html,NYCHA_CLAREMONT_REHAB_(GROUP_4)_table.html,2
BRONX,CLAREMONT REHAB (GROUP 5),NYCHA,NYCHA_CLAREMONT_REHAB_(GROUP_5)_map.html,NYCHA_CLAREMONT_REHAB_(GROUP_5)_table.html,2
BRONX,CLASON POINT GARDENS,NYCHA,NYCHA_CLASON_POINT_GARDENS_map.html,,0
MANHATTAN,CLINTON,NYCHA,NYCHA_CLINTON_map.html,NYCHA_CLINTON_table.html,19
BRONX,COLLEGE AVENUE-EAST 165TH STREET,NYCHA,NYCHA_COLLEGE_AVENUE-EAST_165TH_STREET_map.html,NYCHA_COLLEGE_AVENUE-EAST_165TH_STREET_table.html,2
BROOKLYN,CONEY ISLAND,NYCHA,NYCHA_CONEY_ISLAND_map.html,NYCHA_CONEY_ISLAND_table.html,2
BROOKLYN,CONEY ISLAND I (SITE 1B),NYCHA,NYCHA_CONEY_ISLAND_I_(SITE_1B)_map.html,,0
BROOKLYN,CONEY ISLAND I (SITE 8),NYCHA,NYCHA_CONEY_ISLAND_I_(SITE_8)_map.html,NYCHA_CONEY_ISLAND_I_(SITE_8)_table.html,2
BROOKLYN,CONEY ISLAND I (SITES 4 & 5),NYCHA,NYCHA_CONEY_ISLAND_I_(SITES_4_&_5)_map.html,NYCHA_CONEY_ISLAND_I_(SITES_4_&_5)_table.html,2
QUEENS,CONLON LIHFE TOWER,NYCHA,NYCHA_CONLON_LIHFE_TOWER_map.html,NYCHA_CONLON_LIHFE_TOWER_table.html,5
BROOKLYN,COOPER PARK,NYCHA,NYCHA_COOPER_PARK_map.html,NYCHA_COOPER_PARK_table.html,3
BROOKLYN,CYPRESS HILLS,NYCHA,NYCHA_CYPRESS_HILLS_map.html,NYCHA_CYPRESS_HILLS_table.html,1
MANHATTAN,DE HOSTOS APARTMENTS,NYCHA,NYCHA_DE_HOSTOS_APARTMENTS_map.html,NYCHA_DE_HOSTOS_APARTMENTS_table.html,32
MANHATTAN,DOUGLASS ADDITION,NYCHA,NYCHA_DOUGLASS_ADDITION_map.html,NYCHA_DOUGLASS_ADDITION_table.html,31
MANHATTAN,DOUGLASS I,NYCHA,NYCHA_DOUGLASS_I_map.html,NYCHA_DOUGLASS_I_table.html,19
MANHATTAN,DOUGLASS II,NYCHA,NYCHA_DOUGLASS_II_map.html,NYCHA_DOUGLASS_II_table.html,28
MANHATTAN,DREW-HAMILTON,NYCHA,NYCHA_DREW-HAMILTON_map.html,NYCHA_DREW-HAMILTON_table.html,17
MANHATTAN,DYCKMAN,NYCHA,NYCHA_DYCKMAN_map.html,NYCHA_DYCKMAN_table.html,3
BRONX,EAST 152ND STREET-COURTLANDT AVENUE,NYCHA,NYCHA_EAST_152ND_STREET-COURTLANDT_AVENUE_map.html,NYCHA_EAST_152ND_STREET-COURTLANDT_AVENUE_table.html,2
BRONX,EAST 165TH STREET-BRYANT AVENUE,NYCHA,NYCHA_EAST_165TH_STREET-BRYANT_AVENUE_map.html,NYCHA_EAST_165TH_STREET-BRYANT_AVENUE_table.html,1
BRONX,EAST 173RD STREET-VYSE AVENUE,NYCHA,NYCHA_EAST_173RD_STREET-VYSE_AVENUE_map.html,,0
BROOKLYN,EAST NEW YORK CITY LINE,NYCHA,NYCHA_EAST_NEW_YORK_CITY_LINE_map.html,NYCHA_EAST_NEW_YORK_CITY_LINE_table.html,1
MANHATTAN,EAST RIVER,NYCHA,NYCHA_EAST_RIVER_map.html,NYCHA_EAST_RIVER_table.html,1
MANHATTAN,ELLIOTT,NYCHA,NYCHA_ELLIOTT_map.html,NYCHA_ELLIOTT_table.html,55
BROOKLYN,FARRAGUT,NYCHA,NYCHA_FARRAGUT_map.html,NYCHA_FARRAGUT_table.html,20
QUEENS,FHA REPOSSESSED HOUSES (GROUP I),NYCHA,NYCHA_FHA_REPOSSESSED_HOUSES_(GROUP_I)_map.html,NYCHA_FHA_REPOSSESSED_HOUSES_(GROUP_I)_table.html,2
QUEENS,FHA REPOSSESSED HOUSES (GROUP II),NYCHA,NYCHA_FHA_REPOSSESSED_HOUSES_(GROUP_II)_map.html,,0
BRONX,FHA REPOSSESSED HOUSES (GROUP II),NYCHA,NYCHA_FHA_REPOSSESSED_HOUSES_(GROUP_II)_map.html,,0
QUEENS,FHA REPOSSESSED HOUSES (GROUP III),NYCHA,NYCHA_FHA_REPOSSESSED_HOUSES_(GROUP_III)_map.html,,0
BRONX,FHA REPOSSESSED HOUSES (GROUP III),NYCHA,NYCHA_FHA_REPOSSESSED_HOUSES_(GROUP_III)_map.html,,0
QUEENS,FHA REPOSSESSED HOUSES (GROUP IV),NYCHA,NYCHA_FHA_REPOSSESSED_HOUSES_(GROUP_IV)_map.html,NYCHA_FHA_REPOSSESSED_HOUSES_(GROUP_IV)_table.html,4
BRONX,FHA REPOSSESSED HOUSES (GROUP IV),NYCHA,NYCHA_FHA_REPOSSESSED_HOUSES_(GROUP_IV)_map.html,NYCHA_FHA_REPOSSESSED_HOUSES_(GROUP_IV)_table.html,4
BROOKLYN,FHA REPOSSESSED HOUSES (GROUP IX),NYCHA,NYCHA_FHA_REPOSSESSED_HOUSES_(GROUP_IX)_map.html,NYCHA_FHA_REPOSSESSED_HOUSES_(GROUP_IX)_table.html,4
QUEENS,FHA REPOSSESSED HOUSES (GROUP IX),NYCHA,NYCHA_FHA_REPOSSESSED_HOUSES_(GROUP_IX)_map.html,NYCHA_FHA_REPOSSESSED_HOUSES_(GROUP_IX)_table.html,4
BROOKLYN,FHA REPOSSESSED HOUSES (GROUP V),NYCHA,NYCHA_FHA_REPOSSESSED_HOUSES_(GROUP_V)_map.html,NYCHA_FHA_REPOSSESSED_HOUSES_(GROUP_V)_table.html,4
QUEENS,FHA REPOSSESSED HOUSES (GROUP V),NYCHA,NYCHA_FHA_REPOSSESSED_HOUSES_(GROUP_V)_map.html,NYCHA_FHA_REPOSSESSED_HOUSES_(GROUP_V)_table.html,4
QUEENS,FHA REPOSSESSED HOUSES (GROUP VI),NYCHA,NYCHA_FHA_REPOSSESSED_HOUSES_(GROUP_VI)_map.html,NYCHA_FHA_REPOSSESSED_HOUSES_(GROUP_VI)_table.html,5
QUEENS,FHA REPOSSESSED HOUSES (GROUP VII),NYCHA,NYCHA_FHA_REPOSSESSED_HOUSES_(GROUP_VII)_map.html,NYCHA_FHA_REPOSSESSED_HOUSES_(GROUP_VII)_table.html,3
QUEENS,FHA REPOSSESSED HOUSES (GROUP VIII),NYCHA,NYCHA_FHA_REPOSSESSED_HOUSES_(GROUP_VIII)_map.html,NYCHA_FHA_REPOSSESSED_HOUSES_(GROUP_VIII)_table.html,5
QUEENS,FHA REPOSSESSED HOUSES (GROUP X),NYCHA,NYCHA_FHA_REPOSSESSED_HOUSES_(GROUP_X)_map.html,NYCHA_FHA_REPOSSESSED_HOUSES_(GROUP_X)_table.html,1
MANHATTAN,FIRST HOUSES,NYCHA,NYCHA_FIRST_HOUSES_map.html,NYCHA_FIRST_HOUSES_table.html,89
BRONX,FOREST,NYCHA,NYCHA_FOREST_map.html,NYCHA_FOREST_table.html,2
MANHATTAN,FULTON,NYCHA,NYCHA_FULTON_map.html,NYCHA_FULTON_table.html,45
BROOKLYN,GARVEY (GROUP A),NYCHA,NYCHA_GARVEY_(GROUP_A)_map.html,,0
BRONX,GLEBE AVENUE-WESTCHESTER AVENUE,NYCHA,NYCHA_GLEBE_AVENUE-WESTCHESTER_AVENUE_map.html,NYCHA_GLEBE_AVENUE-WESTCHESTER_AVENUE_table.html,2
BROOKLYN,GLENMORE PLAZA,NYCHA,NYCHA_GLENMORE_PLAZA_map.html,,0
BROOKLYN,GLENWOOD,NYCHA,NYCHA_GLENWOOD_map.html,,0
MANHATTAN,GOMPERS,NYCHA,NYCHA_GOMPERS_map.html,NYCHA_GOMPERS_table.html,38
BROOKLYN,GOWANUS,NYCHA,NYCHA_GOWANUS_map.html,NYCHA_GOWANUS_table.html,13
MANHATTAN,GRANT,NYCHA,NYCHA_GRANT_map.html,NYCHA_GRANT_table.html,22
BROOKLYN,GRAVESEND,NYCHA,NYCHA_GRAVESEND_map.html,NYCHA_GRAVESEND_table.html,2
BRONX,GUN HILL,NYCHA,NYCHA_GUN_HILL_map.html,,0
BROOKLYN,HABER,NYCHA,NYCHA_HABER_map.html,,0
QUEENS,HAMMEL,NYCHA,NYCHA_HAMMEL_map.html,,0
MANHATTAN,HARBORVIEW TERRACE,NYCHA,NYCHA_HARBORVIEW_TERRACE_map.html,NYCHA_HARBORVIEW_TERRACE_table.html,23
MANHATTAN,HERNANDEZ,NYCHA,NYCHA_HERNANDEZ_map.html,NYCHA_HERNANDEZ_table.html,74
BRONX,HIGHBRIDGE GARDENS,NYCHA,NYCHA_HIGHBRIDGE_GARDENS_map.html,NYCHA_HIGHBRIDGE_GARDENS_table.html,1
BRONX,HOE AVENUE-EAST 173RD STREET,NYCHA,NYCHA_HOE_AVENUE-EAST_173RD_STREET_map.html,,0
MANHATTAN,HOLMES TOWERS,NYCHA,NYCHA_HOLMES_TOWERS_map.html,NYCHA_HOLMES_TOWERS_table.html,4
BROOKLYN,HOWARD,NYCHA,NYCHA_HOWARD_map.html,,0
BROOKLYN,HUGHES APARTMENTS,NYCHA,NYCHA_HUGHES_APARTMENTS_map.html,NYCHA_HUGHES_APARTMENTS_table.html,1
BRONX,HUNTS POINT AVENUE REHAB,NYCHA,NYCHA_HUNTS_POINT_AVENUE_REHAB_map.html,NYCHA_HUNTS_POINT_AVENUE_REHAB_table.html,5
BROOKLYN,HYLAN,NYCHA,NYCHA_HYLAN_map.html,NYCHA_HYLAN_table.html,6
BROOKLYN,INGERSOLL,NYCHA,NYCHA_INGERSOLL_map.html,NYCHA_INGERSOLL_table.html,9
QUEENS,INTERNATIONAL TOWER,NYCHA,NYCHA_INTERNATIONAL_TOWER_map.html,NYCHA_INTERNATIONAL_TOWER_table.html,5
MANHATTAN,ISAACS,NYCHA,NYCHA_ISAACS_map.html,NYCHA_ISAACS_table.html,4
BRONX,JACKSON,NYCHA,NYCHA_JACKSON_map.html,NYCHA_JACKSON_table.html,2
MANHATTAN,JEFFERSON,NYCHA,NYCHA_JEFFERSON_map.html,NYCHA_JEFFERSON_table.html,5
MANHATTAN,JOHNSON,NYCHA,NYCHA_JOHNSON_map.html,NYCHA_JOHNSON_table.html,8
MANHATTAN,KING TOWERS,NYCHA,NYCHA_KING_TOWERS_map.html,NYCHA_KING_TOWERS_table.html,14
BROOKLYN,KINGSBOROUGH,NYCHA,NYCHA_KINGSBOROUGH_map.html,NYCHA_KINGSBOROUGH_table.html,7
BROOKLYN,KINGSBOROUGH EXTENSION,NYCHA,NYCHA_KINGSBOROUGH_EXTENSION_map.html,NYCHA_KINGSBOROUGH_EXTENSION_table.html,7
MANHATTAN,LA GUARDIA,NYCHA,NYCHA_LA_GUARDIA_map.html,NYCHA_LA_GUARDIA_table.html,17
MANHATTAN,LA GUARDIA ADDITION,NYCHA,NYCHA_LA_GUARDIA_ADDITION_map.html,NYCHA_LA_GUARDIA_ADDITION_table.html,16
BROOKLYN,LAFAYETTE,NYCHA,NYCHA_LAFAYETTE_map.html,NYCHA_LAFAYETTE_table.html,9
QUEENS,LATIMER GARDENS,NYCHA,NYCHA_LATIMER_GARDENS_map.html,NYCHA_LATIMER_GARDENS_table.html,6
QUEENS,LEAVITT STREET-34TH AVENUE,NYCHA,NYCHA_LEAVITT_STREET-34TH_AVENUE_map.html,NYCHA_LEAVITT_STREET-34TH_AVENUE_table.html,7
MANHATTAN,LEHMAN VILLAGE,NYCHA,NYCHA_LEHMAN_VILLAGE_map.html,NYCHA_LEHMAN_VILLAGE_table.html,18
MANHATTAN,LEXINGTON,NYCHA,NYCHA_LEXINGTON_map.html,NYCHA_LEXINGTON_table.html,15
MANHATTAN,LINCOLN,NYCHA,NYCHA_LINCOLN_map.html,NYCHA_LINCOLN_table.html,5
BROOKLYN,LONG ISLAND BAPTIST HOUSES,NYCHA,NYCHA_LONG_ISLAND_BAPTIST_HOUSES_map.html,NYCHA_LONG_ISLAND_BAPTIST_HOUSES_table.html,1
BRONX,LONGFELLOW AVENUE REHAB,NYCHA,NYCHA_LONGFELLOW_AVENUE_REHAB_map.html,,0
BROOKLYN,LOW HOUSES,NYCHA,NYCHA_LOW_HOUSES_map.html,NYCHA_LOW_HOUSES_table.html,1
MANHATTAN,LOWER EAST SIDE I INFILL,NYCHA,NYCHA_LOWER_EAST_SIDE_I_INFILL_map.html,NYCHA_LOWER_EAST_SIDE_I_INFILL_table.html,63
MANHATTAN,LOWER EAST SIDE II,NYCHA,NYCHA_LOWER_EAST_SIDE_II_map.html,NYCHA_LOWER_EAST_SIDE_II_table.html,27
MANHATTAN,LOWER EAST SIDE III,NYCHA,NYCHA_LOWER_EAST_SIDE_III_map.html,NYCHA_LOWER_EAST_SIDE_III_table.html,18
MANHATTAN,LOWER EAST SIDE REHAB (GROUP 5),NYCHA,NYCHA_LOWER_EAST_SIDE_REHAB_(GROUP_5)_map.html,NYCHA_LOWER_EAST_SIDE_REHAB_(GROUP_5)_table.html,27
MANHATTAN,MARBLE HILL,NYCHA,NYCHA_MARBLE_HILL_map.html,,0
BRONX,MARBLE HILL,NYCHA,NYCHA_MARBLE_HILL_map.html,,0
BROOKLYN,MARCY,NYCHA,NYCHA_MARCY_map.html,,0
STATEN ISLAND,MARINER'S HARBOR,NYCHA,NYCHA_MARINER'S_HARBOR_map.html,,0
BROOKLYN,MARLBORO,NYCHA,NYCHA_MARLBORO_map.html,,0
BRONX,MCKINLEY,NYCHA,NYCHA_MCKINLEY_map.html,NYCHA_MCKINLEY_table.html,1
BRONX,MELROSE,NYCHA,NYCHA_MELROSE_map.html,NYCHA_MELROSE_table.html,2
MANHATTAN,MELTZER TOWER,NYCHA,NYCHA_MELTZER_TOWER_map.html,NYCHA_MELTZER_TOWER_table.html,79
BRONX,MILL BROOK,NYCHA,NYCHA_MILL_BROOK_map.html,,0
BRONX,MILL BROOK EXTENSION,NYCHA,NYCHA_MILL_BROOK_EXTENSION_map.html,,0
BRONX,MITCHEL,NYCHA,NYCHA_MITCHEL_map.html,NYCHA_MITCHEL_table.html,4
BRONX,MONROE,NYCHA,NYCHA_MONROE_map.html,,0
BRONX,MOORE,NYCHA,NYCHA_MOORE_map.html,,0
BRONX,MORRIS I,NYCHA,NYCHA_MORRIS_I_map.html,NYCHA_MORRIS_I_table.html,1
BRONX,MORRIS II,NYCHA,NYCHA_MORRIS_II_map.html,,0
BRONX,MORRISANIA,NYCHA,NYCHA_MORRISANIA_map.html,NYCHA_MORRISANIA_table.html,2
BRONX,MORRISANIA AIR RIGHTS,NYCHA,NYCHA_MORRISANIA_AIR_RIGHTS_map.html,NYCHA_MORRISANIA_AIR_RIGHTS_table.html,2
BRONX,MOTT HAVEN,NYCHA,NYCHA_MOTT_HAVEN_map.html,NYCHA_MOTT_HAVEN_table.html,2
STATEN ISLAND,NEW LANE AREA,NYCHA,NYCHA_NEW_LANE_AREA_map.html,NYCHA_NEW_LANE_AREA_table.html,2
BROOKLYN,NOSTRAND,NYCHA,NYCHA_NOSTRAND_map.html,NYCHA_NOSTRAND_table.html,1
BROOKLYN,O'DWYER GARDENS,NYCHA,NYCHA_O'DWYER_GARDENS_map.html,NYCHA_O'DWYER_GARDENS_table.html,3
QUEENS,OCEAN BAY APARTMENTS (OCEANSIDE),NYCHA,NYCHA_OCEAN_BAY_APARTMENTS_(OCEANSIDE)_map.html,,0
BRONX,PARKSIDE,NYCHA,NYCHA_PARKSIDE_map.html,,0
BRONX,PATTERSON,NYCHA,NYCHA_PATTERSON_map.html,NYCHA_PATTERSON_table.html,4
BRONX,PELHAM PARKWAY,NYCHA,NYCHA_PELHAM_PARKWAY_map.html,NYCHA_PELHAM_PARKWAY_table.html,1
BROOKLYN,PINK,NYCHA,NYCHA_PINK_map.html,NYCHA_PINK_table.html,1
MANHATTAN,POLO GROUNDS TOWERS,NYCHA,NYCHA_POLO_GROUNDS_TOWERS_map.html,NYCHA_POLO_GROUNDS_TOWERS_table.html,6
QUEENS,POMONOK,NYCHA,NYCHA_POMONOK_map.html,NYCHA_POMONOK_table.html,5
QUEENS,QUEENSBRIDGE NORTH,NYCHA,NYCHA_QUEENSBRIDGE_NORTH_map.html,NYCHA_QUEENSBRIDGE_NORTH_table.html,2
QUEENS,QUEENSBRIDGE SOUTH,NYCHA,NYCHA_QUEENSBRIDGE_SOUTH_map.html,NYCHA_QUEENSBRIDGE_SOUTH_table.html,3
BRONX,RANDALL AVENUE-BALCOM AVENUE,NYCHA,NYCHA_RANDALL_AVENUE-BALCOM_AVENUE_map.html,,0
MANHATTAN,RANGEL,NYCHA,NYCHA_RANGEL_map.html,NYCHA_RANGEL_table.html,5
QUEENS,RAVENSWOOD,NYCHA,NYCHA_RAVENSWOOD_map.html,NYCHA_RAVENSWOOD_table.html,2
BROOKLYN,RED HOOK EAST,NYCHA,NYCHA_RED_HOOK_EAST_map.html,NYCHA_RED_HOOK_EAST_table.html,1
BROOKLYN,RED HOOK WEST,NYCHA,NYCHA_RED_HOOK_WEST_map.html,NYCHA_RED_HOOK_WEST_table.html,6
QUEENS,REDFERN,NYCHA,NYCHA_REDFERN_map.html,NYCHA_REDFERN_table.html,1
QUEENS,REHAB PROGRAM (COLLEGE POINT),NYCHA,NYCHA_REHAB_PROGRAM_(COLLEGE_POINT)_map.html,NYCHA_REHAB_PROGRAM_(COLLEGE_POINT)_table.html,1
MANHATTAN,REHAB PROGRAM (DOUGLASS REHABS),NYCHA,NYCHA_REHAB_PROGRAM_(DOUGLASS_REHABS)_map.html,NYCHA_REHAB_PROGRAM_(DOUGLASS_REHABS)_table.html,31
MANHATTAN,REHAB PROGRAM (WISE REHAB),NYCHA,NYCHA_REHAB_PROGRAM_(WISE_REHAB)_map.html,NYCHA_REHAB_PROGRAM_(WISE_REHAB)_table.html,17
STATEN ISLAND,RICHMOND TERRACE,NYCHA,NYCHA_RICHMOND_TERRACE_map.html,NYCHA_RICHMOND_TERRACE_table.html,1
MANHATTAN,RIIS,NYCHA,NYCHA_RIIS_map.html,NYCHA_RIIS_table.html,8
MANHATTAN,RIIS II,NYCHA,NYCHA_RIIS_II_map.html,NYCHA_RIIS_II_table.html,10
MANHATTAN,ROBBINS PLAZA,NYCHA,NYCHA_ROBBINS_PLAZA_map.html,NYCHA_ROBBINS_PLAZA_table.html,10
BROOKLYN,ROOSEVELT I,NYCHA,NYCHA_ROOSEVELT_I_map.html,NYCHA_ROOSEVELT_I_table.html,1
BROOKLYN,ROOSEVELT II,NYCHA,NYCHA_ROOSEVELT_II_map.html,NYCHA_ROOSEVELT_II_table.html,2
MANHATTAN,RUTGERS,NYCHA,NYCHA_RUTGERS_map.html,NYCHA_RUTGERS_table.html,17
BRONX,SAINT MARY'S PARK,NYCHA,NYCHA_SAINT_MARY'S_PARK_map.html,NYCHA_SAINT_MARY'S_PARK_table.html,1
MANHATTAN,SAINT NICHOLAS,NYCHA,NYCHA_SAINT_NICHOLAS_map.html,NYCHA_SAINT_NICHOLAS_table.html,30
BRONX,SEDGWICK,NYCHA,NYCHA_SEDGWICK_map.html,NYCHA_SEDGWICK_table.html,2
MANHATTAN,SEWARD PARK EXTENSION,NYCHA,NYCHA_SEWARD_PARK_EXTENSION_map.html,NYCHA_SEWARD_PARK_EXTENSION_table.html,40
BROOKLYN,SHEEPSHEAD BAY,NYCHA,NYCHA_SHEEPSHEAD_BAY_map.html,NYCHA_SHEEPSHEAD_BAY_table.html,1
QUEENS,SHELTON HOUSE,NYCHA,NYCHA_SHELTON_HOUSE_map.html,NYCHA_SHELTON_HOUSE_table.html,8
MANHATTAN,SMITH,NYCHA,NYCHA_SMITH_map.html,NYCHA_SMITH_table.html,15
BRONX,SOTOMAYOR HOUSES,NYCHA,NYCHA_SOTOMAYOR_HOUSES_map.html,,0
BRONX,SOUNDVIEW,NYCHA,NYCHA_SOUNDVIEW_map.html,,0
STATEN ISLAND,SOUTH BEACH,NYCHA,NYCHA_SOUTH_BEACH_map.html,,0
QUEENS,SOUTH JAMAICA I,NYCHA,NYCHA_SOUTH_JAMAICA_I_map.html,,0
QUEENS,SOUTH JAMAICA II,NYCHA,NYCHA_SOUTH_JAMAICA_II_map.html,NYCHA_SOUTH_JAMAICA_II_table.html,1
MANHATTAN,STANTON STREET,NYCHA,NYCHA_STANTON_STREET_map.html,NYCHA_STANTON_STREET_table.html,42
STATEN ISLAND,STAPLETON,NYCHA,NYCHA_STAPLETON_map.html,NYCHA_STAPLETON_table.html,3
MANHATTAN,STRAUS,NYCHA,NYCHA_STRAUS_map.html,NYCHA_STRAUS_table.html,18
BROOKLYN,SUMNER,NYCHA,NYCHA_SUMNER_map.html,NYCHA_SUMNER_table.html,1
BROOKLYN,SURFSIDE GARDENS,NYCHA,NYCHA_SURFSIDE_GARDENS_map.html,NYCHA_SURFSIDE_GARDENS_table.html,3
MANHATTAN,TAFT,NYCHA,NYCHA_TAFT_map.html,NYCHA_TAFT_table.html,8
BROOKLYN,TAYLOR STREET-WYTHE AVENUE,NYCHA,NYCHA_TAYLOR_STREET-WYTHE_AVENUE_map.html,NYCHA_TAYLOR_STREET-WYTHE_AVENUE_table.html,3
BRONX,TELLER AVENUE-EAST 166TH STREET,NYCHA,NYCHA_TELLER_AVENUE-EAST_166TH_STREET_map.html,NYCHA_TELLER_AVENUE-EAST_166TH_STREET_table.html,2
MANHATTAN,THOMAS APARTMENTS,NYCHA,NYCHA_THOMAS_APARTMENTS_map.html,NYCHA_THOMAS_APARTMENTS_table.html,26
BRONX,THROGGS NECK,NYCHA,NYCHA_THROGGS_NECK_map.html,,0
BRONX,THROGGS NECK ADDITION,NYCHA,NYCHA_THROGGS_NECK_ADDITION_map.html,,0
BROOKLYN,TILDEN,NYCHA,NYCHA_TILDEN_map.html,NYCHA_TILDEN_table.html,2
STATEN ISLAND,TODT HILL,NYCHA,NYCHA_TODT_HILL_map.html,,0
BROOKLYN,TOMPKINS,NYCHA,NYCHA_TOMPKINS_map.html,,0
MANHATTAN,TWO BRIDGES URA (SITE 7),NYCHA,NYCHA_TWO_BRIDGES_URA_(SITE_7)_map.html,NYCHA_TWO_BRIDGES_URA_(SITE_7)_table.html,16
BROOKLYN,"UNITY PLAZA (SITES 17,24,25A)",NYCHA,"NYCHA_UNITY_PLAZA_(SITES_17,24,25A)_map.html","NYCHA_UNITY_PLAZA_(SITES_17,24,25A)_table.html",1
BROOKLYN,UNITY PLAZA (SITES 4-27),NYCHA,NYCHA_UNITY_PLAZA_(SITES_4-27)_map.html,NYCHA_UNITY_PLAZA_(SITES_4-27)_table.html,1
BROOKLYN,VAN DYKE I,NYCHA,NYCHA_VAN_DYKE_I_map.html,NYCHA_VAN_DYKE_I_table.html,3
BROOKLYN,VAN DYKE II,NYCHA,NYCHA_VAN_DYKE_II_map.html,NYCHA_VAN_DYKE_II_table.html,3
BROOKLYN,VANDALIA AVENUE,NYCHA,NYCHA_VANDALIA_AVENUE_map.html,NYCHA_VANDALIA_AVENUE_table.html,1
MANHATTAN,VLADECK,NYCHA,NYCHA_VLADECK_map.html,NYCHA_VLADECK_table.html,17
MANHATTAN,VLADECK II,NYCHA,NYCHA_VLADECK_II_map.html,NYCHA_VLADECK_II_table.html,13
MANHATTAN,WAGNER,NYCHA,NYCHA_WAGNER_map.html,NYCHA_WAGNER_table.html,5
MANHATTAN,WALD,NYCHA,NYCHA_WALD_map.html,NYCHA_WALD_table.html,8
MANHATTAN,WASHINGTON,NYCHA,NYCHA_WASHINGTON_map.html,NYCHA_WASHINGTON_table.html,9
BRONX,WEBSTER,NYCHA,NYCHA_WEBSTER_map.html,NYCHA_WEBSTER_table.html,2
BRONX,WEST FARMS ROAD REHAB,NYCHA,NYCHA_WEST_FARMS_ROAD_REHAB_map.html,,0
BRONX,WEST FARMS SQUARE CONVENTIONAL,NYCHA,NYCHA_WEST_FARMS_SQUARE_CONVENTIONAL_map.html,,0
BRONX,WEST TREMONT AVENUE-SEDGWICK AVENUE AREA,NYCHA,NYCHA_WEST_TREMONT_AVENUE-SEDGWICK_AVENUE_AREA_map.html,NYCHA_WEST_TREMONT_AVENUE-SEDGWICK_AVENUE_AREA_table.html,2
BROOKLYN,WHITMAN,NYCHA,NYCHA_WHITMAN_map.html,NYCHA_WHITMAN_table.html,7
MANHATTAN,WILSON,NYCHA,NYCHA_WILSON_map.html,NYCHA_WILSON_table.html,1
QUEENS,WOODSIDE,NYCHA,NYCHA_WOODSIDE_map.html,NYCHA_WOODSIDE_table.html,3
BROOKLYN,WOODSON,NYCHA,NYCHA_WOODSON_map.html,NYCHA_WOODSON_table.html,3
MANHATTAN,WSUR (BROWNSTONES),NYCHA,NYCHA_WSUR_(BROWNSTONES)_map.html,NYCHA_WSUR_(BROWNSTONES)_table.html,22
MANHATTAN,WSUR (SITE A) 120 WEST 94TH STREET,NYCHA,NYCHA_WSUR_(SITE_A)_120_WEST_94TH_STREET_map.html,NYCHA_WSUR_(SITE_A)_120_WEST_94TH_STREET_table.html,30
MANHATTAN,WSUR (SITE B) 74 WEST 92ND STREET,NYCHA,NYCHA_WSUR_(SITE_B)_74_WEST_92ND_STREET_map.html,NYCHA_WSUR_(SITE_B)_74_WEST_92ND_STREET_table.html,24
MANHATTAN,WSUR (SITE C) 589 AMSTERDAM AVENUE,NYCHA,NYCHA_WSUR_(SITE_C)_589_AMSTERDAM_AVENUE_map.html,NYCHA_WSUR_(SITE_C)_589_AMSTERDAM_AVENUE_table.html,32
BROOKLYN,WYCKOFF GARDENS,NYCHA,NYCHA_WYCKOFF_GARDENS_map.html,NYCHA_WYCKOFF_GARDENS_table.html,16
BRONX,1010 EAST 178TH STREET,PACT,PACT_1010_EAST_178TH_STREET_map.html,,0
BROOKLYN,104-14 TAPSCOTT STREET,PACT,PACT_104-14_TAPSCOTT_STREET_map.html,,0
MANHATTAN,131 SAINT NICHOLAS AVENUE,PACT,PACT_131_SAINT_NICHOLAS_AVENUE_map.html,PACT_131_SAINT_NICHOLAS_AVENUE_table.html,16
MANHATTAN,335 EAST 111TH STREET,PACT,PACT_335_EAST_111TH_STREET_map.html,PACT_335_EAST_111TH_STREET_table.html,4
MANHATTAN,344 EAST 28TH STREET,PACT,PACT_344_EAST_28TH_STREET_map.html,PACT_344_EAST_28TH_STREET_table.html,12
BROOKLYN,572 WARREN STREET,PACT,PACT_572_WARREN_STREET_map.html,PACT_572_WARREN_STREET_table.html,20
BROOKLYN,ARMSTRONG I,PACT,PACT_ARMSTRONG_I_map.html,PACT_ARMSTRONG_I_table.html,4
BROOKLYN,ARMSTRONG II,PACT,PACT_ARMSTRONG_II_map.html,PACT_ARMSTRONG_II_table.html,3
MANHATTAN,AUDUBON,PACT,PACT_AUDUBON_map.html,PACT_AUDUBON_table.html,13
BRONX,BAILEY AVENUE-WEST 193RD STREET,PACT,PACT_BAILEY_AVENUE-WEST_193RD_STREET_map.html,,0
BROOKLYN,BAY VIEW,PACT,PACT_BAY_VIEW_map.html,,0
BRONX,BAYCHESTER,PACT,PACT_BAYCHESTER_map.html,,0
BROOKLYN,BEDFORD-STUYVESANT REHAB,PACT,PACT_BEDFORD-STUYVESANT_REHAB_map.html,,0
BROOKLYN,BELMONT-SUTTER AREA,PACT,PACT_BELMONT-SUTTER_AREA_map.html,,0
BROOKLYN,BERRY STREET-SOUTH 9TH STREET,PACT,PACT_BERRY_STREET-SOUTH_9TH_STREET_map.html,PACT_BERRY_STREET-SOUTH_9TH_STREET_table.html,7
BRONX,BETANCES I,PACT,PACT_BETANCES_I_map.html,,0
BRONX,"BETANCES II, 13",PACT,"PACT_BETANCES_II,_13_map.html",,0
BRONX,"BETANCES II, 18",PACT,"PACT_BETANCES_II,_18_map.html","PACT_BETANCES_II,_18_table.html",4
BRONX,"BETANCES II, 9A",PACT,"PACT_BETANCES_II,_9A_map.html",,0
BRONX,"BETANCES III, 13",PACT,"PACT_BETANCES_III,_13_map.html",,0
BRONX,"BETANCES III, 18",PACT,"PACT_BETANCES_III,_18_map.html","PACT_BETANCES_III,_18_table.html",4
BRONX,"BETANCES III, 9A",PACT,"PACT_BETANCES_III,_9A_map.html",,0
BRONX,BETANCES IV,PACT,PACT_BETANCES_IV_map.html,,0
BRONX,BETANCES V,PACT,PACT_BETANCES_V_map.html,PACT_BETANCES_V_table.html,1
BRONX,BETANCES VI,PACT,PACT_BETANCES_VI_map.html,PACT_BETANCES_VI_table.html,1
MANHATTAN,BETHUNE GARDENS,PACT,PACT_BETHUNE_GARDENS_map.html,PACT_BETHUNE_GARDENS_table.html,14
BRONX,BOSTON ROAD PLAZA,PACT,PACT_BOSTON_ROAD_PLAZA_map.html,,0
BRONX,BOSTON SECOR,PACT,PACT_BOSTON_SECOR_map.html,,0
BROOKLYN,BOULEVARD,PACT,PACT_BOULEVARD_map.html,PACT_BOULEVARD_table.html,2
BROOKLYN,BUSHWICK II (GROUPS A & C),PACT,PACT_BUSHWICK_II_(GROUPS_A_&_C)_map.html,PACT_BUSHWICK_II_(GROUPS_A_&_C)_table.html,1
BROOKLYN,BUSHWICK II (GROUPS B & D),PACT,PACT_BUSHWICK_II_(GROUPS_B_&_D)_map.html,PACT_BUSHWICK_II_(GROUPS_B_&_D)_table.html,1
BROOKLYN,BUSHWICK II CDA (GROUP E),PACT,PACT_BUSHWICK_II_CDA_(GROUP_E)_map.html,PACT_BUSHWICK_II_CDA_(GROUP_E)_table.html,2
MANHATTAN,CAMPOS PLAZA II,PACT,PACT_CAMPOS_PLAZA_II_map.html,PACT_CAMPOS_PLAZA_II_table.html,10
BRONX,CLAREMONT PARKWAY-FRANKLIN AVENUE,PACT,PACT_CLAREMONT_PARKWAY-FRANKLIN_AVENUE_map.html,,0
MANHATTAN,CORSI HOUSES,PACT,PACT_CORSI_HOUSES_map.html,PACT_CORSI_HOUSES_table.html,5
BROOKLYN,CROWN HEIGHTS,PACT,PACT_CROWN_HEIGHTS_map.html,PACT_CROWN_HEIGHTS_table.html,4
BRONX,DAVIDSON,PACT,PACT_DAVIDSON_map.html,PACT_DAVIDSON_table.html,1
BRONX,EAGLE AVENUE-EAST 163RD STREET,PACT,PACT_EAGLE_AVENUE-EAST_163RD_STREET_map.html,PACT_EAGLE_AVENUE-EAST_163RD_STREET_table.html,3
BRONX,EAST 180TH STREET-MONTEREY AVENUE,PACT,PACT_EAST_180TH_STREET-MONTEREY_AVENUE_map.html,,0
BRONX,EASTCHESTER GARDENS,PACT,PACT_EASTCHESTER_GARDENS_map.html,,0
BRONX,EDENWALD,PACT,PACT_EDENWALD_map.html,,0
BROOKLYN,FENIMORE-LEFFERTS,PACT,PACT_FENIMORE-LEFFERTS_map.html,PACT_FENIMORE-LEFFERTS_table.html,3
BROOKLYN,FIORENTINO PLAZA,PACT,PACT_FIORENTINO_PLAZA_map.html,PACT_FIORENTINO_PLAZA_table.html,1
BRONX,FORT INDEPENDENCE STREET-HEATH AVENUE,PACT,PACT_FORT_INDEPENDENCE_STREET-HEATH_AVENUE_map.html,PACT_FORT_INDEPENDENCE_STREET-HEATH_AVENUE_table.html,1
MANHATTAN,FORT WASHINGTON AVENUE REHAB,PACT,PACT_FORT_WASHINGTON_AVENUE_REHAB_map.html,PACT_FORT_WASHINGTON_AVENUE_REHAB_table.html,5
BRONX,FRANKLIN AVENUE I CONVENTIONAL,PACT,PACT_FRANKLIN_AVENUE_I_CONVENTIONAL_map.html,PACT_FRANKLIN_AVENUE_I_CONVENTIONAL_table.html,1
BRONX,FRANKLIN AVENUE II CONVENTIONAL,PACT,PACT_FRANKLIN_AVENUE_II_CONVENTIONAL_map.html,,0
BRONX,FRANKLIN AVENUE III CONVENTIONAL,PACT,PACT_FRANKLIN_AVENUE_III_CONVENTIONAL_map.html,,0
MANHATTAN,GRAMPION,PACT,PACT_GRAMPION_map.html,PACT_GRAMPION_table.html,25
MANHATTAN,HARLEM RIVER,PACT,PACT_HARLEM_RIVER_map.html,PACT_HARLEM_RIVER_table.html,3
MANHATTAN,HARLEM RIVER II,PACT,PACT_HARLEM_RIVER_II_map.html,PACT_HARLEM_RIVER_II_table.html,5
BRONX,HARRISON AVENUE REHAB (GROUP A),PACT,PACT_HARRISON_AVENUE_REHAB_(GROUP_A)_map.html,PACT_HARRISON_AVENUE_REHAB_(GROUP_A)_table.html,4
BRONX,HARRISON AVENUE REHAB (GROUP B),PACT,PACT_HARRISON_AVENUE_REHAB_(GROUP_B)_map.html,PACT_HARRISON_AVENUE_REHAB_(GROUP_B)_table.html,4
BRONX,HIGHBRIDGE REHABS (ANDERSON AVENUE),PACT,PACT_HIGHBRIDGE_REHABS_(ANDERSON_AVENUE)_map.html,PACT_HIGHBRIDGE_REHABS_(ANDERSON_AVENUE)_table.html,1
BRONX,HIGHBRIDGE REHABS (NELSON AVENUE),PACT,PACT_HIGHBRIDGE_REHABS_(NELSON_AVENUE)_map.html,PACT_HIGHBRIDGE_REHABS_(NELSON_AVENUE)_table.html,2
BROOKLYN,HOPE GARDENS,PACT,PACT_HOPE_GARDENS_map.html,PACT_HOPE_GARDENS_table.html,1
BROOKLYN,HOWARD AVENUE,PACT,PACT_HOWARD_AVENUE_map.html,,0
BROOKLYN,HOWARD AVENUE-PARK PLACE,PACT,PACT_HOWARD_AVENUE-PARK_PLACE_map.html,PACT_HOWARD_AVENUE-PARK_PLACE_table.html,4
BROOKLYN,INDEPENDENCE,PACT,PACT_INDEPENDENCE_map.html,PACT_INDEPENDENCE_table.html,5
BROOKLYN,LENOX ROAD-ROCKAWAY PARKWAY,PACT,PACT_LENOX_ROAD-ROCKAWAY_PARKWAY_map.html,,0
BROOKLYN,LINDEN,PACT,PACT_LINDEN_map.html,PACT_LINDEN_table.html,1
MANHATTAN,MANHATTANVILLE,PACT,PACT_MANHATTANVILLE_map.html,PACT_MANHATTANVILLE_table.html,19
MANHATTAN,MANHATTANVILLE REHAB (GROUP 2),PACT,PACT_MANHATTANVILLE_REHAB_(GROUP_2)_map.html,PACT_MANHATTANVILLE_REHAB_(GROUP_2)_table.html,12
MANHATTAN,MANHATTANVILLE REHAB (GROUP 3),PACT,PACT_MANHATTANVILLE_REHAB_(GROUP_3)_map.html,PACT_MANHATTANVILLE_REHAB_(GROUP_3)_table.html,18
BROOKLYN,MARCY AVENUE-GREENE AVENUE SITE A,PACT,PACT_MARCY_AVENUE-GREENE_AVENUE_SITE_A_map.html,PACT_MARCY_AVENUE-GREENE_AVENUE_SITE_A_table.html,3
BROOKLYN,MARCY AVENUE-GREENE AVENUE SITE B,PACT,PACT_MARCY_AVENUE-GREENE_AVENUE_SITE_B_map.html,PACT_MARCY_AVENUE-GREENE_AVENUE_SITE_B_table.html,2
MANHATTAN,MARSHALL PLAZA,PACT,PACT_MARSHALL_PLAZA_map.html,PACT_MARSHALL_PLAZA_table.html,15
MANHATTAN,METRO NORTH PLAZA,PACT,PACT_METRO_NORTH_PLAZA_map.html,PACT_METRO_NORTH_PLAZA_table.html,5
BRONX,MIDDLETOWN PLAZA,PACT,PACT_MIDDLETOWN_PLAZA_map.html,,0
MANHATTAN,MORRIS PARK SENIOR CITIZENS HOME,PACT,PACT_MORRIS_PARK_SENIOR_CITIZENS_HOME_map.html,PACT_MORRIS_PARK_SENIOR_CITIZENS_HOME_table.html,17
BRONX,MURPHY,PACT,PACT_MURPHY_map.html,,0
QUEENS,OCEAN BAY APARTMENTS (BAYSIDE),PACT,PACT_OCEAN_BAY_APARTMENTS_(BAYSIDE)_map.html,,0
BROOKLYN,OCEAN HILL-BROWNSVILLE,PACT,PACT_OCEAN_HILL-BROWNSVILLE_map.html,PACT_OCEAN_HILL-BROWNSVILLE_table.html,6
BROOKLYN,OCEAN HILL APARTMENTS,PACT,PACT_OCEAN_HILL_APARTMENTS_map.html,PACT_OCEAN_HILL_APARTMENTS_table.html,1
BROOKLYN,PALMETTO GARDENS,PACT,PACT_PALMETTO_GARDENS_map.html,,0
MANHATTAN,"PARK AVENUE-EAST 122ND, 123RD STREETS",PACT,"PACT_PARK_AVENUE-EAST_122ND,_123RD_STREETS_map.html","PACT_PARK_AVENUE-EAST_122ND,_123RD_STREETS_table.html",9
BROOKLYN,PARK ROCK REHAB,PACT,PACT_PARK_ROCK_REHAB_map.html,PACT_PARK_ROCK_REHAB_table.html,5
BROOKLYN,PENNSYLVANIA AVENUE-WORTMAN AVENUE,PACT,PACT_PENNSYLVANIA_AVENUE-WORTMAN_AVENUE_map.html,PACT_PENNSYLVANIA_AVENUE-WORTMAN_AVENUE_table.html,1
MANHATTAN,PUBLIC SCHOOL 139 (CONVERSION),PACT,PACT_PUBLIC_SCHOOL_139_(CONVERSION)_map.html,PACT_PUBLIC_SCHOOL_139_(CONVERSION)_table.html,13
BROOKLYN,RALPH AVENUE REHAB,PACT,PACT_RALPH_AVENUE_REHAB_map.html,,0
MANHATTAN,REHAB PROGRAM (TAFT REHABS),PACT,PACT_REHAB_PROGRAM_(TAFT_REHABS)_map.html,PACT_REHAB_PROGRAM_(TAFT_REHABS)_table.html,17
BROOKLYN,REID APARTMENTS,PACT,PACT_REID_APARTMENTS_map.html,PACT_REID_APARTMENTS_table.html,2
MANHATTAN,ROBINSON,PACT,PACT_ROBINSON_map.html,PACT_ROBINSON_table.html,8
BROOKLYN,RUTLAND TOWERS,PACT,PACT_RUTLAND_TOWERS_map.html,PACT_RUTLAND_TOWERS_table.html,1
BRONX,SACK WERN,PACT,PACT_SACK_WERN_map.html,,0
MANHATTAN,SAMUEL (CITY),PACT,PACT_SAMUEL_(CITY)_map.html,PACT_SAMUEL_(CITY)_table.html,7
MANHATTAN,SAMUEL (MHOP) I,PACT,PACT_SAMUEL_(MHOP)_I_map.html,PACT_SAMUEL_(MHOP)_I_table.html,14
MANHATTAN,SAMUEL (MHOP) II,PACT,PACT_SAMUEL_(MHOP)_II_map.html,PACT_SAMUEL_(MHOP)_II_table.html,14
MANHATTAN,SAMUEL (MHOP) III,PACT,PACT_SAMUEL_(MHOP)_III_map.html,PACT_SAMUEL_(MHOP)_III_table.html,10
BROOKLYN,SARATOGA VILLAGE,PACT,PACT_SARATOGA_VILLAGE_map.html,,0
BRONX,SOUTH BRONX AREA (SITE 402),PACT,PACT_SOUTH_BRONX_AREA_(SITE_402)_map.html,PACT_SOUTH_BRONX_AREA_(SITE_402)_table.html,2
BRONX,STEBBINS AVENUE-HEWITT PLACE,PACT,PACT_STEBBINS_AVENUE-HEWITT_PLACE_map.html,PACT_STEBBINS_AVENUE-HEWITT_PLACE_table.html,3
BROOKLYN,STERLING PLACE REHABS (SAINT JOHNS-STERLING),PACT,PACT_STERLING_PLACE_REHABS_(SAINT_JOHNS-STERLING)_map.html,PACT_STERLING_PLACE_REHABS_(SAINT_JOHNS-STERLING)_table.html,5
BROOKLYN,STERLING PLACE REHABS (STERLING-BUFFALO),PACT,PACT_STERLING_PLACE_REHABS_(STERLING-BUFFALO)_map.html,PACT_STERLING_PLACE_REHABS_(STERLING-BUFFALO)_table.html,4
BROOKLYN,STUYVESANT GARDENS I,PACT,PACT_STUYVESANT_GARDENS_I_map.html,PACT_STUYVESANT_GARDENS_I_table.html,1
BROOKLYN,STUYVESANT GARDENS II,PACT,PACT_STUYVESANT_GARDENS_II_map.html,PACT_STUYVESANT_GARDENS_II_table.html,2
BROOKLYN,SUTTER AVENUE-UNION STREET,PACT,PACT_SUTTER_AVENUE-UNION_STREET_map.html,,0
BROOKLYN,TAPSCOTT STREET REHAB,PACT,PACT_TAPSCOTT_STREET_REHAB_map.html,,0
BRONX,TWIN PARKS EAST (SITE 9),PACT,PACT_TWIN_PARKS_EAST_(SITE_9)_map.html,PACT_TWIN_PARKS_EAST_(SITE_9)_table.html,1
BRONX,TWIN PARKS WEST (SITES 1 & 2),PACT,PACT_TWIN_PARKS_WEST_(SITES_1_&_2)_map.html,,0
BRONX,UNION AVENUE-EAST 163RD STREET,PACT,PACT_UNION_AVENUE-EAST_163RD_STREET_map.html,PACT_UNION_AVENUE-EAST_163RD_STREET_table.html,1
BRONX,UNION AVENUE-EAST 166TH STREET,PACT,PACT_UNION_AVENUE-EAST_166TH_STREET_map.html,PACT_UNION_AVENUE-EAST_166TH_STREET_table.html,1
BRONX,UNIVERSITY AVENUE REHAB,PACT,PACT_UNIVERSITY_AVENUE_REHAB_map.html,PACT_UNIVERSITY_AVENUE_REHAB_table.html,4
MANHATTAN,UPACA (SITE 5),PACT,PACT_UPACA_(SITE_5)_map.html,PACT_UPACA_(SITE_5)_table.html,10
MANHATTAN,UPACA (SITE 6),PACT,PACT_UPACA_(SITE_6)_map.html,PACT_UPACA_(SITE_6)_table.html,10
MANHATTAN,WASHINGTON HEIGHTS REHAB (GROUPS 1&2),PACT,PACT_WASHINGTON_HEIGHTS_REHAB_(GROUPS_1&2)_map.html,PACT_WASHINGTON_HEIGHTS_REHAB_(GROUPS_1&2)_table.html,5
MANHATTAN,WASHINGTON HEIGHTS REHAB PHASE III (FORT WASHINGTON),PACT,PACT_WASHINGTON_HEIGHTS_REHAB_PHASE_III_(FORT_WASHINGTON)_map.html,PACT_WASHINGTON_HEIGHTS_REHAB_PHASE_III_(FORT_WASHINGTON)_table.html,5
MANHATTAN,WASHINGTON HEIGHTS REHAB PHASE III (HARLEM RIVER),PACT,PACT_WASHINGTON_HEIGHTS_REHAB_PHASE_III_(HARLEM_RIVER)_map.html,PACT_WASHINGTON_HEIGHTS_REHAB_PHASE_III_(HARLEM_RIVER)_table.html,15
MANHATTAN,WASHINGTON HEIGHTS REHAB PHASE IV (C),PACT,PACT_WASHINGTON_HEIGHTS_REHAB_PHASE_IV_(C)_map.html,PACT_WASHINGTON_HEIGHTS_REHAB_PHASE_IV_(C)_table.html,5
MANHATTAN,WASHINGTON HEIGHTS REHAB PHASE IV (D),PACT,PACT_WASHINGTON_HEIGHTS_REHAB_PHASE_IV_(D)_map.html,PACT_WASHINGTON_HEIGHTS_REHAB_PHASE_IV_(D)_table.html,5
BROOKLYN,WEEKSVILLE GARDENS,PACT,PACT_WEEKSVILLE_GARDENS_map.html,PACT_WEEKSVILLE_GARDENS_table.html,1
STATEN ISLAND,WEST BRIGHTON I,PACT,PACT_WEST_BRIGHTON_I_map.html,,0
STATEN ISLAND,WEST BRIGHTON II,PACT,PACT_WEST_BRIGHTON_II_map.html,,0
MANHATTAN,WHITE,PACT,PACT_WHITE_map.html,PACT_WHITE_table.html,9
BROOKLYN,WILLIAMS PLAZA,PACT,PACT_WILLIAMS_PLAZA_map.html,PACT_WILLIAMS_PLAZA_table.html,7
BROOKLYN,WILLIAMSBURG,PACT,PACT_WILLIAMSBURG_map.html,PACT_WILLIAMSBURG_table.html,2
MANHATTAN,WISE TOWERS,PACT,PACT_WISE_TOWERS_map.html,PACT_WISE_TOWERS_table.html,31
